-7.680307030677795410e-01,7.881915569305419922e-01,8.446817398071289062e-01,9.820646792650222778e-02,-8.632029891014099121e-01,-8.581719994544982910e-01,5.352768301963806152e-02,6.423144340515136719e-01,7.546397447586059570e-01,3.269729018211364746e-02,9.787184596061706543e-01,3.489990830421447754e-01
2.626051604747772217e-01,6.083427667617797852e-01,9.374652504920959473e-01,8.014877438545227051e-01,1.441637277603149414e-01,2.855367362499237061e-01,1.053024530410766602e-01,9.660476446151733398e-02,8.297818899154663086e-02,9.155495166778564453e-01,7.323388457298278809e-01,1.224479079246520996e-01
-7.215620279312133789e-01,8.255746960639953613e-01,1.026580855250358582e-02,2.878607809543609619e-01,-7.653497457504272461e-01,-9.428772330284118652e-01,1.804855465888977051e-02,8.865544795989990234e-01,5.667711496353149414e-01,2.793440222740173340e-02,9.645223617553710938e-01,9.004312157630920410e-01
4.489170908927917480e-01,5.353205800056457520e-01,9.075326323509216309e-01,8.330795764923095703e-01,4.168129265308380127e-01,-1.428514868021011353e-01,2.937296032905578613e-01,1.187673211097717285e-02,3.662104308605194092e-01,9.881887435913085938e-01,7.016197443008422852e-01,7.670256495475769043e-02
-7.947723865509033203e-01,9.057432413101196289e-01,-4.783673584461212158e-02,4.806014001369476318e-01,-7.093776464462280273e-01,-6.268896460533142090e-01,3.019362688064575195e-03,8.517136573791503906e-01,5.110725164413452148e-01,5.258619785308837891e-02,8.325704336166381836e-01,6.107054948806762695e-01
2.764610350131988525e-01,6.896714568138122559e-01,8.923966288566589355e-01,7.733379602432250977e-01,4.508399665355682373e-01,3.491058051586151123e-01,4.097968339920043945e-02,1.869626641273498535e-01,1.942065656185150146e-01,9.579323530197143555e-01,5.247451066970825195e-01,7.453942298889160156e-02
-7.672826051712036133e-01,8.514894843101501465e-01,-2.295607328414916992e-01,1.698881089687347412e-01,-5.712624788284301758e-01,-8.805930614471435547e-01,5.205079913139343262e-02,6.093084812164306641e-01,9.033938050270080566e-01,2.948090434074401855e-02,9.166050553321838379e-01,6.463089585304260254e-01
2.721655964851379395e-01,4.597171545028686523e-01,7.135913372039794922e-01,7.948241829872131348e-01,-1.863124817609786987e-01,4.535923600196838379e-01,5.017903447151184082e-02,2.954745292663574219e-02,1.360008120536804199e-01,8.553465604782104492e-01,5.962136983871459961e-01,7.195631861686706543e-01
-9.434789419174194336e-01,7.844416499137878418e-01,2.153254747390747070e-01,6.579469442367553711e-01,-7.996263504028320312e-01,-6.973332762718200684e-01,7.639700174331665039e-02,7.633387446403503418e-01,4.492606520652770996e-01,8.952739834785461426e-02,9.552071094512939453e-01,5.718007087707519531e-01
-2.574060857295989990e-01,8.678060770034790039e-01,3.018062710762023926e-01,9.645971655845642090e-01,1.926543414592742920e-01,-7.963071577250957489e-03,1.255027651786804199e-01,2.286568284034729004e-02,3.521375656127929688e-01,9.297183156013488770e-01,2.504333555698394775e-01,4.660799503326416016e-01
-7.653427720069885254e-01,9.780188202857971191e-01,-1.558587402105331421e-01,1.305070668458938599e-01,-8.077551126480102539e-01,-8.827606439590454102e-01,1.818290352821350098e-02,8.415744304656982422e-01,4.801563620567321777e-01,2.042225003242492676e-02,9.804627895355224609e-01,8.774302005767822266e-01
-1.986534148454666138e-01,8.378542661666870117e-01,9.846915602684020996e-01,8.273382782936096191e-01,3.145258426666259766e-01,4.083446860313415527e-01,2.923440933227539062e-02,3.058221936225891113e-02,1.881224513053894043e-01,9.901226758956909180e-01,9.006930589675903320e-01,2.630439996719360352e-01
-8.531916141510009766e-01,7.952943444252014160e-01,-3.115782439708709717e-01,4.714278578758239746e-01,-7.426694631576538086e-01,-5.464633107185363770e-01,3.711497783660888672e-02,7.724213600158691406e-01,4.964052438735961914e-01,2.778801321983337402e-02,9.935022592544555664e-01,6.308054924011230469e-01
4.387280344963073730e-01,7.000628113746643066e-01,9.794870615005493164e-01,8.473812341690063477e-01,5.226626396179199219e-01,5.108737349510192871e-01,4.460713267326354980e-02,7.955721020698547363e-02,3.252721726894378662e-01,9.939908981323242188e-01,4.825975894927978516e-01,4.165924787521362305e-01
-9.067680835723876953e-01,8.849685788154602051e-01,3.347597718238830566e-01,6.527580022811889648e-01,-5.310915112495422363e-01,-9.399806857109069824e-01,9.927776455879211426e-02,9.050465822219848633e-01,6.944367885589599609e-01,3.164559602737426758e-03,9.827231168746948242e-01,4.093908071517944336e-01
1.819570660591125488e-01,6.852001547813415527e-01,9.537073373794555664e-01,9.149875640869140625e-01,2.596563100814819336e-01,3.195334225893020630e-03,1.623877882957458496e-02,2.362898886203765869e-01,1.433944106101989746e-01,8.464004993438720703e-01,5.956068038940429688e-01,2.690372467041015625e-01
-8.212437629699707031e-01,9.376512765884399414e-01,1.810999810695648193e-01,4.361825883388519287e-01,-6.262742280960083008e-01,-9.108800888061523438e-01,2.560487389564514160e-02,6.655588746070861816e-01,8.959132432937622070e-01,6.551712751388549805e-03,9.418326616287231445e-01,7.088915109634399414e-01
3.107697963714599609e-01,7.193074822425842285e-01,9.385651946067810059e-01,9.695938825607299805e-01,2.374164313077926636e-01,-2.505913972854614258e-01,6.600472331047058105e-02,6.302312016487121582e-02,2.040562927722930908e-01,9.892282485961914062e-01,8.945460319519042969e-01,1.952850222587585449e-01
-9.222747683525085449e-01,9.462811946868896484e-01,1.016928106546401978e-01,5.954605340957641602e-01,-5.605363249778747559e-01,-8.185262680053710938e-01,2.028256654739379883e-02,9.297382235527038574e-01,6.938444375991821289e-01,1.849344372749328613e-02,9.304311275482177734e-01,9.236702919006347656e-01
2.701978981494903564e-01,8.726771473884582520e-01,8.668266534805297852e-01,9.344533085823059082e-01,7.530522346496582031e-01,5.470817089080810547e-01,5.630815029144287109e-02,2.612633109092712402e-01,3.754691183567047119e-01,9.387952089309692383e-01,6.560020446777343750e-01,1.295736432075500488e-01
-9.198668003082275391e-01,9.530948996543884277e-01,-3.178227543830871582e-01,4.304328858852386475e-01,-6.202868223190307617e-01,-9.145689606666564941e-01,1.544038951396942139e-01,7.847300767898559570e-01,8.427108526229858398e-01,6.805157661437988281e-02,8.416490554809570312e-01,7.019839286804199219e-01
5.885532125830650330e-03,4.596899151802062988e-01,7.831103801727294922e-01,7.880336046218872070e-01,5.787250995635986328e-01,3.741076886653900146e-01,1.420123875141143799e-01,1.123028099536895752e-01,2.861434817314147949e-01,9.268182516098022461e-01,5.349270105361938477e-01,1.857271194458007812e-01
-7.956316471099853516e-01,8.269999027252197266e-01,-5.026534199714660645e-01,2.593942284584045410e-01,-6.434557437896728516e-01,-8.206464052200317383e-01,6.822305917739868164e-02,8.708445429801940918e-01,8.545402288436889648e-01,2.493458986282348633e-02,8.605426549911499023e-01,1.671129465103149414e-01
2.297306507825851440e-01,7.538582682609558105e-01,8.205502033233642578e-01,6.184977889060974121e-01,5.501276254653930664e-01,5.153084993362426758e-01,1.488854587078094482e-01,3.560888767242431641e-02,2.715470194816589355e-01,9.530314207077026367e-01,4.525197744369506836e-01,3.630136251449584961e-01
-5.970861315727233887e-01,7.415462732315063477e-01,-2.315236777067184448e-01,2.272041738033294678e-01,-6.689134836196899414e-01,-8.481850028038024902e-01,2.509477734565734863e-02,6.552433371543884277e-01,6.468983292579650879e-01,5.304008722305297852e-03,9.734226465225219727e-01,6.832500696182250977e-01
1.668905168771743774e-01,4.625813663005828857e-01,8.898510336875915527e-01,8.900613784790039062e-01,1.850734204053878784e-01,7.197849154472351074e-01,2.149179577827453613e-02,1.392704248428344727e-02,1.337409913539886475e-01,9.819039106369018555e-01,6.833300590515136719e-01,3.598108291625976562e-01
-9.513582587242126465e-01,4.758281409740447998e-01,-2.125151604413986206e-01,2.352380305528640747e-01,-6.478234529495239258e-01,-9.631981849670410156e-01,7.301604747772216797e-02,8.205738067626953125e-01,5.239283442497253418e-01,1.041921973228454590e-02,9.796226024627685547e-01,8.320716023445129395e-01
1.648508161306381226e-01,4.372922182083129883e-01,7.396578192710876465e-01,8.012110590934753418e-01,6.782230138778686523e-01,2.711798548698425293e-01,2.912011742591857910e-02,4.987671971321105957e-02,2.533137202262878418e-01,9.811168909072875977e-01,1.474666893482208252e-01,1.531262397766113281e-01
-8.210062980651855469e-01,9.306476116180419922e-01,-2.609212324023246765e-02,6.684730201959609985e-02,-7.818027734756469727e-01,-7.935180664062500000e-01,3.427177667617797852e-02,8.479116559028625488e-01,7.581692934036254883e-01,5.946278572082519531e-03,9.404174089431762695e-01,4.523170888423919678e-01
4.201170504093170166e-01,3.606007993221282959e-01,8.863272070884704590e-01,7.855980992317199707e-01,4.070772528648376465e-01,2.543243467807769775e-01,1.672013700008392334e-01,1.621951460838317871e-01,3.782576620578765869e-01,9.443736076354980469e-01,6.521500349044799805e-01,1.895147264003753662e-01
-7.723807692527770996e-01,6.310935616493225098e-01,-2.252399325370788574e-01,2.824729681015014648e-01,-5.891954898834228516e-01,-8.916980028152465820e-01,8.103731274604797363e-02,7.439179420471191406e-01,8.201366662979125977e-01,8.868277072906494141e-03,9.496616125106811523e-01,7.234123945236206055e-01
1.870232224464416504e-01,3.935328125953674316e-01,8.879113197326660156e-01,4.735959470272064209e-01,5.213837623596191406e-01,1.544201523065567017e-01,3.451213240623474121e-02,1.623609662055969238e-02,4.185058772563934326e-01,9.096669554710388184e-01,6.070850491523742676e-01,4.600533545017242432e-01
-7.962905764579772949e-01,8.148310780525207520e-01,-5.177892446517944336e-01,2.706130743026733398e-01,-7.154074311256408691e-01,-7.937555313110351562e-01,4.547670483589172363e-02,7.645292282104492188e-01,3.955522775650024414e-01,2.481639385223388672e-03,9.773395061492919922e-01,7.494007349014282227e-01
1.236431151628494263e-01,8.549882173538208008e-01,6.627334356307983398e-01,8.355053663253784180e-01,-3.387671411037445068e-01,-1.217750012874603271e-01,1.765334904193878174e-01,2.030345797538757324e-02,2.904780209064483643e-01,9.451434612274169922e-01,1.926727294921875000e-01,8.664596080780029297e-02
-9.055001139640808105e-01,9.324423074722290039e-01,-4.578966498374938965e-01,3.830791115760803223e-01,-3.736743628978729248e-01,-4.461239576339721680e-01,1.025520265102386475e-01,8.201920986175537109e-01,3.599804043769836426e-01,1.698565483093261719e-02,9.461963176727294922e-01,3.129728436470031738e-01
4.730302989482879639e-01,7.766264081001281738e-01,5.021671652793884277e-01,9.461533427238464355e-01,4.269766807556152344e-01,6.622762233018875122e-02,1.740252673625946045e-01,2.231692969799041748e-01,4.226957559585571289e-01,8.256348371505737305e-01,3.131607174873352051e-01,6.034888625144958496e-01
-4.781518876552581787e-02,9.219793081283569336e-01,-1.054632142186164856e-01,4.630286693572998047e-01,-7.318596839904785156e-01,-6.390894055366516113e-01,3.268969058990478516e-02,7.400513887405395508e-01,5.206611752510070801e-01,8.891135454177856445e-03,9.891651272773742676e-01,7.287235260009765625e-01
-1.555385887622833252e-01,8.094083666801452637e-01,8.971523046493530273e-01,9.720430970191955566e-01,4.879516959190368652e-01,1.217982172966003418e-01,2.297091484069824219e-02,1.283272206783294678e-01,2.554985880851745605e-01,8.336666822433471680e-01,7.248746752738952637e-01,4.915220141410827637e-01
-6.832934617996215820e-01,8.006620407104492188e-01,1.512253284454345703e-01,6.885917782783508301e-01,-8.590233325958251953e-01,-8.198006153106689453e-01,1.452726125717163086e-02,7.106122970581054688e-01,6.780936121940612793e-01,9.993016719818115234e-03,9.680642485618591309e-01,8.273198008537292480e-01
2.144118845462799072e-01,6.541391611099243164e-01,9.709014296531677246e-01,9.906026124954223633e-01,4.634265899658203125e-01,5.512962937355041504e-01,3.969782590866088867e-02,1.403084397315979004e-02,3.973607718944549561e-01,9.613021612167358398e-01,6.344663500785827637e-01,3.171054720878601074e-01
-8.980428576469421387e-01,7.827534079551696777e-01,-7.515238970518112183e-02,4.280740320682525635e-01,-6.433380842208862305e-01,-9.593780636787414551e-01,2.831053733825683594e-02,8.769786357879638672e-01,9.000927805900573730e-01,6.159722805023193359e-03,9.762448072433471680e-01,5.634926557540893555e-01
2.910200953483581543e-01,5.610753297805786133e-01,5.411664843559265137e-01,9.481853842735290527e-01,3.340703547000885010e-01,4.941882193088531494e-02,5.878293514251708984e-02,6.599837541580200195e-02,3.521523177623748779e-01,9.052711129188537598e-01,7.092210054397583008e-01,1.283679008483886719e-01
-9.104738235473632812e-01,8.193218708038330078e-01,1.549300849437713623e-01,6.524030566215515137e-01,-7.357788085937500000e-01,-8.754656910896301270e-01,2.121478319168090820e-02,7.498216629028320312e-01,7.208169698715209961e-01,4.277229309082031250e-03,9.591645598411560059e-01,9.244339466094970703e-01
-6.140600517392158508e-02,6.583059430122375488e-01,9.696394205093383789e-01,9.894976615905761719e-01,5.174708962440490723e-01,-1.148552149534225464e-01,2.143388986587524414e-02,1.684772968292236328e-02,2.602077424526214600e-01,9.853438735008239746e-01,2.446417808532714844e-01,3.110087513923645020e-01
-6.836388707160949707e-01,4.106976985931396484e-01,2.517269551753997803e-01,3.325774371623992920e-01,-8.035835027694702148e-01,-8.491569757461547852e-01,2.973562479019165039e-02,8.004488348960876465e-01,7.674739360809326172e-01,9.104520082473754883e-03,9.747023582458496094e-01,6.020693182945251465e-01
-1.742262542247772217e-01,5.479311943054199219e-01,8.168429732322692871e-01,9.771994948387145996e-01,1.736284345388412476e-01,-1.393031179904937744e-01,3.350934386253356934e-02,1.525259017944335938e-02,2.711027860641479492e-01,9.234969019889831543e-01,6.415430307388305664e-01,3.449484109878540039e-01
-2.179706841707229614e-01,8.060815334320068359e-01,-3.267022967338562012e-01,2.745700478553771973e-01,-6.539912819862365723e-01,-7.039114236831665039e-01,2.315360307693481445e-02,8.897054791450500488e-01,3.234674930572509766e-01,2.149299681186676025e-01,9.014006853103637695e-01,5.770910978317260742e-01
-4.430338442325592041e-01,5.439547300338745117e-01,8.959393501281738281e-01,9.316676855087280273e-01,2.840258181095123291e-01,3.497305810451507568e-01,2.689636349678039551e-01,1.056878268718719482e-01,2.314051687717437744e-01,8.435899019241333008e-01,5.960128903388977051e-01,7.587426900863647461e-01
-4.450319409370422363e-01,8.704205155372619629e-01,-6.401319056749343872e-02,4.671032726764678955e-01,-7.476671934127807617e-01,-9.085723161697387695e-01,5.321466922760009766e-02,8.622025847434997559e-01,4.948164522647857666e-01,1.423996686935424805e-02,8.853923082351684570e-01,6.324613690376281738e-01
-3.135132193565368652e-01,6.955388784408569336e-01,6.374110579490661621e-01,9.685227870941162109e-01,4.999054968357086182e-02,3.595515489578247070e-01,1.134638488292694092e-01,1.766231060028076172e-01,2.013491392135620117e-01,9.440681338310241699e-01,3.765098452568054199e-01,4.425309896469116211e-01
-7.334063053131103516e-01,6.299346685409545898e-01,1.106559038162231445e-01,2.761737108230590820e-01,-7.459682822227478027e-01,-9.276092052459716797e-01,5.139130353927612305e-02,8.822474479675292969e-01,6.138139963150024414e-01,1.469692587852478027e-02,9.171962141990661621e-01,6.931477785110473633e-01
4.202765822410583496e-01,6.202900409698486328e-01,6.322750449180603027e-01,9.323152899742126465e-01,3.655146062374114990e-01,4.148723781108856201e-01,7.619008421897888184e-02,1.051661670207977295e-01,3.799941241741180420e-01,9.879979491233825684e-01,6.202691793441772461e-01,1.769834458827972412e-01
-9.292079210281372070e-01,9.220777153968811035e-01,-1.464941445738077164e-02,8.190026134252548218e-02,-6.144270300865173340e-01,-8.564822673797607422e-01,7.449060678482055664e-02,7.834481000900268555e-01,8.764328360557556152e-01,1.209691166877746582e-02,9.463435411453247070e-01,7.453657388687133789e-01
3.781954199075698853e-02,6.869510412216186523e-01,7.878696322441101074e-01,7.875456213951110840e-01,3.393414318561553955e-01,7.675727456808090210e-02,1.822109520435333252e-01,3.239178657531738281e-02,4.912210404872894287e-01,9.329648017883300781e-01,8.612222075462341309e-01,7.461848855018615723e-02
-6.765386462211608887e-01,9.463362693786621094e-01,-1.031437963247299194e-01,7.031561732292175293e-01,-6.623144149780273438e-01,-7.701094150543212891e-01,8.105862140655517578e-02,9.082486033439636230e-01,6.273329854011535645e-01,3.615796566009521484e-02,9.771333336830139160e-01,8.473149538040161133e-01
2.038625478744506836e-01,8.113440871238708496e-01,9.334636926651000977e-01,9.443448781967163086e-01,1.429241448640823364e-01,2.988118529319763184e-01,1.382768452167510986e-01,1.469390094280242920e-01,3.580546379089355469e-01,9.516242742538452148e-01,7.184144854545593262e-01,6.007474660873413086e-01
-9.091137051582336426e-01,8.782054781913757324e-01,2.705073356628417969e-01,4.383526444435119629e-01,-8.632128238677978516e-01,-8.870211243629455566e-01,2.434831857681274414e-02,7.118440866470336914e-01,7.950740456581115723e-01,1.010161638259887695e-02,9.580586552619934082e-01,6.091556549072265625e-01
3.041925430297851562e-01,7.230300307273864746e-01,8.957267999649047852e-01,8.889830708503723145e-01,4.872171580791473389e-01,8.850355446338653564e-02,3.606620430946350098e-02,2.223308086395263672e-01,2.562060356140136719e-01,9.828273057937622070e-01,5.024565458297729492e-01,6.774455904960632324e-01
-8.590837121009826660e-01,7.219182252883911133e-01,-4.479528367519378662e-01,5.032936334609985352e-01,-8.379744291305541992e-01,-8.832798004150390625e-01,4.310747981071472168e-02,8.209269046783447266e-01,7.374972701072692871e-01,2.130436897277832031e-02,9.872645139694213867e-01,4.989317059516906738e-01
7.919284701347351074e-02,6.789021492004394531e-01,9.056153297424316406e-01,9.796125888824462891e-01,4.151760637760162354e-01,-2.996419966220855713e-01,9.339427947998046875e-02,1.652178168296813965e-02,2.492852807044982910e-01,9.374402761459350586e-01,4.464312195777893066e-01,8.703998923301696777e-01
-8.310257792472839355e-01,8.441747426986694336e-01,8.216541260480880737e-02,6.223312616348266602e-01,-3.371675610542297363e-01,-9.448109269142150879e-01,2.313724160194396973e-02,8.113061189651489258e-01,5.061613321304321289e-01,6.020188331604003906e-03,9.680862426757812500e-01,8.637477755546569824e-01
6.673753261566162109e-02,3.736163079738616943e-01,8.069687485694885254e-01,8.859792947769165039e-01,2.934118509292602539e-01,-1.000348255038261414e-01,4.673847556114196777e-02,2.898037433624267578e-02,1.999128758907318115e-01,9.319396018981933594e-01,3.726809620857238770e-01,2.362192869186401367e-01
-8.148377537727355957e-01,7.614809870719909668e-01,-3.786949515342712402e-01,-1.762351691722869873e-01,-8.420512080192565918e-01,-8.798460960388183594e-01,3.852939605712890625e-02,9.511824846267700195e-01,7.510516047477722168e-01,2.714875340461730957e-02,8.854148983955383301e-01,8.719372749328613281e-01
3.843805491924285889e-01,4.659759700298309326e-01,8.724006414413452148e-01,7.274644970893859863e-01,3.414315581321716309e-01,-2.189161069691181183e-02,1.673724949359893799e-01,3.771555423736572266e-02,3.238797187805175781e-02,7.765154838562011719e-01,5.344645977020263672e-01,1.093269586563110352e-01
-7.956465482711791992e-01,8.239579200744628906e-01,-1.108729168772697449e-01,2.396855950355529785e-01,-7.246477007865905762e-01,-4.684566259384155273e-01,8.330237865447998047e-02,6.943458914756774902e-01,4.934421181678771973e-01,5.678117275238037109e-03,9.126596450805664062e-01,6.839578747749328613e-01
5.870068073272705078e-01,5.251623392105102539e-01,8.222034573554992676e-01,9.061861634254455566e-01,5.390888080000877380e-02,2.483792603015899658e-01,1.577028632164001465e-02,5.238738656044006348e-02,4.339663386344909668e-01,9.802933335304260254e-01,7.933152318000793457e-01,1.249237954616546631e-01
-7.745793461799621582e-01,8.602972030639648438e-01,-4.077256917953491211e-01,4.430257081985473633e-01,-7.844323515892028809e-01,-8.940372467041015625e-01,8.337837457656860352e-02,8.200956583023071289e-01,6.576309800148010254e-01,7.812452316284179688e-02,9.906202554702758789e-01,7.599887847900390625e-01
3.859455287456512451e-01,6.782038211822509766e-01,7.074429392814636230e-01,9.838637113571166992e-01,2.951793670654296875e-01,3.269801139831542969e-01,1.527630388736724854e-01,1.236730813980102539e-02,2.477469742298126221e-01,9.769116640090942383e-01,5.435515642166137695e-01,5.472506880760192871e-01
-7.924216985702514648e-01,8.396914005279541016e-01,-4.266671463847160339e-02,2.503306865692138672e-01,-9.017357826232910156e-01,-7.822853326797485352e-01,4.009360074996948242e-02,9.207762479782104492e-01,7.589945793151855469e-01,1.563766598701477051e-02,9.184322357177734375e-01,6.613043546676635742e-01
5.672225356101989746e-01,2.972228229045867920e-01,7.666686177253723145e-01,8.706002235412597656e-01,-1.242483183741569519e-01,3.262886404991149902e-01,3.203958272933959961e-02,6.593632698059082031e-02,1.964876055717468262e-01,9.534678459167480469e-01,7.028031945228576660e-01,3.637538552284240723e-01
-7.802750468254089355e-01,7.924041748046875000e-01,-3.062587976455688477e-01,6.636513471603393555e-01,-6.498420238494873047e-01,-8.311737775802612305e-01,6.393566727638244629e-02,8.541688323020935059e-01,4.952622354030609131e-01,6.556957960128784180e-03,9.819880723953247070e-01,7.251901626586914062e-01
-3.218522295355796814e-02,3.461433947086334229e-01,8.499005436897277832e-01,9.214789867401123047e-01,2.942018508911132812e-01,-4.071331918239593506e-01,7.172134518623352051e-02,1.008205115795135498e-01,1.801704168319702148e-01,9.883298873901367188e-01,3.839972615242004395e-01,3.233246207237243652e-01
-9.061461687088012695e-01,7.882007956504821777e-01,1.414972245693206787e-01,5.752199292182922363e-01,-7.007722854614257812e-01,-7.633900046348571777e-01,5.831491947174072266e-02,8.435423970222473145e-01,7.868896722793579102e-01,5.372971296310424805e-03,9.843211174011230469e-01,3.834595084190368652e-01
5.028659105300903320e-01,8.533697724342346191e-01,8.890632390975952148e-01,9.532344937324523926e-01,6.426254510879516602e-01,5.250344276428222656e-01,5.269244313240051270e-02,3.099066019058227539e-02,1.716463863849639893e-01,8.809536695480346680e-01,6.758207082748413086e-01,2.059865593910217285e-01
-9.221609830856323242e-01,5.882250070571899414e-01,-1.230582874268293381e-02,3.458855152130126953e-01,-7.141902446746826172e-01,-9.031597971916198730e-01,1.230253279209136963e-01,7.336983084678649902e-01,8.487573862075805664e-01,2.155959606170654297e-03,9.973233938217163086e-01,4.409726560115814209e-01
3.029013574123382568e-01,6.867398023605346680e-01,8.846794962882995605e-01,8.792912364006042480e-01,3.207424581050872803e-01,1.646747142076492310e-01,7.720923423767089844e-02,1.721987128257751465e-02,1.249551773071289062e-01,5.398513674736022949e-01,5.910007953643798828e-01,2.055239677429199219e-01
-7.061086297035217285e-01,9.661960601806640625e-01,3.142747879028320312e-01,7.365543842315673828e-01,-6.645398736000061035e-01,-8.983237147331237793e-01,1.123711466789245605e-02,7.675211429595947266e-01,8.575736880302429199e-01,3.451228141784667969e-02,9.959725737571716309e-01,1.182729601860046387e-01
2.365966886281967163e-01,7.589318752288818359e-01,9.646861553192138672e-01,7.903319001197814941e-01,7.712717056274414062e-01,-3.186225518584251404e-02,4.684215784072875977e-02,1.365646719932556152e-01,3.639466166496276855e-01,9.859741926193237305e-01,7.244077324867248535e-01,7.306915521621704102e-01
-8.177680969238281250e-01,8.519081473350524902e-01,4.747963547706604004e-01,4.849940836429595947e-01,-6.698165535926818848e-01,-6.602234840393066406e-01,1.007194221019744873e-01,8.985795378684997559e-01,5.048189759254455566e-01,7.697969675064086914e-03,9.479576945304870605e-01,8.794158697128295898e-01
2.256770879030227661e-01,7.676184177398681641e-01,4.901559054851531982e-01,6.640638113021850586e-01,-5.529942922294139862e-03,1.132275834679603577e-01,1.401071846485137939e-01,2.475234866142272949e-02,3.478547334671020508e-01,9.841986894607543945e-01,3.683840632438659668e-01,7.539052963256835938e-01
-7.210575342178344727e-01,8.675336241722106934e-01,1.138167530298233032e-01,4.331026673316955566e-01,-7.651460766792297363e-01,-6.685605049133300781e-01,1.617106795310974121e-02,7.061764001846313477e-01,5.585167407989501953e-01,1.127182245254516602e-01,8.112434148788452148e-01,1.528097987174987793e-01
1.164116412401199341e-01,6.285670995712280273e-01,6.284216642379760742e-01,7.459072470664978027e-01,5.138183236122131348e-01,6.108349561691284180e-01,2.457832992076873779e-01,4.416605830192565918e-02,8.923989534378051758e-02,8.756608963012695312e-01,6.663111448287963867e-01,8.292163610458374023e-01
-8.889170885086059570e-01,8.629651069641113281e-01,-1.416817903518676758e-01,1.642989814281463623e-01,-9.459052085876464844e-01,-8.486729264259338379e-01,1.471909880638122559e-02,9.236686825752258301e-01,5.033618211746215820e-01,9.366095066070556641e-03,8.892189264297485352e-01,7.247606515884399414e-01
3.859268724918365479e-01,2.606735825538635254e-01,7.845883369445800781e-01,9.493668675422668457e-01,5.624787416309118271e-03,4.905560985207557678e-02,5.551359057426452637e-02,3.095203638076782227e-02,2.729104757308959961e-01,8.848116993904113770e-01,5.949801206588745117e-01,1.815635263919830322e-01
-7.002215981483459473e-01,8.484085798263549805e-01,-2.764244973659515381e-01,3.282394409179687500e-01,-4.588820934295654297e-01,-9.223815798759460449e-01,5.428174138069152832e-02,8.220262527465820312e-01,6.919305324554443359e-01,3.045785427093505859e-02,9.170298576354980469e-01,7.989528179168701172e-01
1.995283663272857666e-01,5.335025787353515625e-01,8.464665412902832031e-01,9.254092574119567871e-01,5.558245778083801270e-01,6.216818094253540039e-01,1.041064858436584473e-01,2.909034490585327148e-02,4.394426643848419189e-01,9.885268807411193848e-01,5.806167125701904297e-01,4.917613863945007324e-01
-9.706170558929443359e-01,8.280068635940551758e-01,1.006053853780031204e-02,3.974685072898864746e-01,-5.625783205032348633e-01,-8.121532201766967773e-01,2.666214108467102051e-02,8.899296522140502930e-01,5.631138682365417480e-01,3.385692834854125977e-03,9.888750314712524414e-01,5.420892834663391113e-01
4.801436066627502441e-01,7.150173187255859375e-01,8.652272820472717285e-01,9.250295162200927734e-01,6.725188493728637695e-01,2.736679315567016602e-01,6.439107656478881836e-02,8.346796035766601562e-03,3.295066058635711670e-01,9.154232740402221680e-01,5.207265615463256836e-01,4.206800460815429688e-01
-8.834805488586425781e-01,6.447137594223022461e-01,-2.244139611721038818e-01,1.949975192546844482e-01,-5.983567237854003906e-01,-7.717925906181335449e-01,2.364054322242736816e-02,8.033332824707031250e-01,8.245911598205566406e-01,3.051280975341796875e-03,9.319803714752197266e-01,8.978632688522338867e-01
1.363243460655212402e-01,9.092422723770141602e-01,8.171084523200988770e-01,8.844268321990966797e-01,7.903931140899658203e-01,2.815226912498474121e-01,7.297545671463012695e-02,5.506306886672973633e-02,2.312413454055786133e-01,9.955822229385375977e-01,7.495821118354797363e-01,7.426586747169494629e-01
-9.600458145141601562e-01,9.137334227561950684e-01,2.802404165267944336e-01,1.686209589242935181e-01,-7.139118313789367676e-01,-9.763329625129699707e-01,5.507698655128479004e-02,7.559243440628051758e-01,6.248227357864379883e-01,6.987690925598144531e-03,9.621465206146240234e-01,6.908757686614990234e-01
5.126550197601318359e-01,3.020911812782287598e-01,5.091854929924011230e-01,8.338088393211364746e-01,4.149309694766998291e-01,6.917635798454284668e-01,5.176025629043579102e-02,3.670328855514526367e-02,3.543656468391418457e-01,9.638358950614929199e-01,8.740931749343872070e-01,4.689379334449768066e-01
-9.179565310478210449e-01,8.019585609436035156e-01,2.803886234760284424e-01,7.097968459129333496e-01,-6.981867551803588867e-01,-7.406174540519714355e-01,1.746147871017456055e-02,8.600533008575439453e-01,2.834045886993408203e-01,2.097672224044799805e-02,9.712114334106445312e-01,9.166734218597412109e-01
1.652628332376480103e-01,4.920747280120849609e-01,7.787040472030639648e-01,9.090903997421264648e-01,3.358447551727294922e-01,-1.809398680925369263e-01,5.113154649734497070e-03,1.768130064010620117e-02,3.973453044891357422e-01,8.474580049514770508e-01,2.260473668575286865e-01,2.195994853973388672e-01
-8.876178264617919922e-01,8.161509633064270020e-01,1.688904911279678345e-01,3.110885024070739746e-01,-5.596196055412292480e-01,-8.206242322921752930e-01,1.514738798141479492e-01,8.010872006416320801e-01,8.991674184799194336e-01,3.725472092628479004e-02,9.918210506439208984e-01,7.881581187248229980e-01
3.473801016807556152e-01,2.185921072959899902e-01,8.697848916053771973e-01,9.472995996475219727e-01,2.718322277069091797e-01,8.926648646593093872e-02,2.668887376785278320e-02,1.243865489959716797e-02,3.709774911403656006e-01,9.592363238334655762e-01,6.018599867820739746e-01,3.364037275314331055e-01
-9.480525851249694824e-01,9.294888377189636230e-01,1.003618389368057251e-01,3.014483749866485596e-01,-5.917334556579589844e-01,-9.312955737113952637e-01,8.172237873077392578e-02,8.557020425796508789e-01,6.780991554260253906e-01,2.309125661849975586e-02,9.915362596511840820e-01,7.754248380661010742e-01
1.699431091547012329e-01,3.754780888557434082e-01,7.768545746803283691e-01,8.341553807258605957e-01,4.012008607387542725e-01,9.440827369689941406e-02,1.088680922985076904e-01,5.536803603172302246e-02,5.949231982231140137e-01,9.813112020492553711e-01,7.526293992996215820e-01,7.518850564956665039e-01
-7.961831092834472656e-01,8.414458632469177246e-01,-2.314472794532775879e-01,2.977836430072784424e-01,-6.103916168212890625e-01,-9.137029051780700684e-01,3.372594714164733887e-02,8.252575993537902832e-01,6.858004331588745117e-01,1.600804924964904785e-02,9.735974669456481934e-01,4.509083628654479980e-01
2.078786641359329224e-01,7.278657555580139160e-01,9.660735726356506348e-01,7.823182344436645508e-01,6.215547323226928711e-01,2.436315715312957764e-01,1.226399838924407959e-01,2.993607521057128906e-02,1.366745531558990479e-01,8.738616704940795898e-01,5.760630965232849121e-01,2.746657133102416992e-01
-8.472342491149902344e-01,7.502150535583496094e-01,3.071930408477783203e-01,4.057294428348541260e-01,-6.567890048027038574e-01,-9.606515169143676758e-01,1.263946294784545898e-02,8.499698638916015625e-01,9.625749588012695312e-01,4.700690507888793945e-03,9.828111529350280762e-01,7.624233365058898926e-01
2.086656540632247925e-01,4.788106381893157959e-01,8.392395973205566406e-01,9.537898302078247070e-01,3.991357386112213135e-01,-2.855965495109558105e-01,2.424758672714233398e-02,5.866348743438720703e-03,1.614220738410949707e-01,9.924683570861816406e-01,6.850304603576660156e-01,6.684548854827880859e-01
-8.244103193283081055e-01,8.381628394126892090e-01,-5.605106055736541748e-02,2.384543567895889282e-01,-8.204070925712585449e-01,-9.309005141258239746e-01,2.756482362747192383e-02,8.807141780853271484e-01,5.610330104827880859e-01,1.146066188812255859e-02,7.658423185348510742e-01,7.163449525833129883e-01
1.211894005537033081e-01,1.090149804949760437e-01,9.497766494750976562e-01,8.587524890899658203e-01,3.849889636039733887e-01,2.367132455110549927e-01,3.445133566856384277e-02,4.427275061607360840e-02,1.749852001667022705e-01,9.605620503425598145e-01,8.540655374526977539e-01,2.910209298133850098e-01
-8.289814591407775879e-01,9.199037551879882812e-01,-2.067685872316360474e-01,6.379382014274597168e-01,-6.826194524765014648e-01,-7.390921115875244141e-01,6.258109211921691895e-02,7.645664215087890625e-01,5.685933232307434082e-01,3.617706894874572754e-02,9.111440777778625488e-01,8.840019702911376953e-01
4.513294696807861328e-01,5.708969235420227051e-01,6.877078413963317871e-01,8.772098422050476074e-01,2.556499540805816650e-01,-4.497409760951995850e-01,5.427223443984985352e-02,6.125643849372863770e-02,3.428933024406433105e-01,9.850208163261413574e-01,5.675655603408813477e-01,1.676954030990600586e-01
-7.725729346275329590e-01,9.320617914199829102e-01,-1.620248109102249146e-01,5.756071805953979492e-01,-4.372809827327728271e-01,-9.074317216873168945e-01,9.130445122718811035e-02,7.696311473846435547e-01,4.660791158676147461e-01,9.490191936492919922e-03,9.331166744232177734e-01,9.503642320632934570e-01
-3.536914885044097900e-01,-8.529335260391235352e-02,9.437400102615356445e-01,9.706751704216003418e-01,1.981965899467468262e-01,9.779491275548934937e-02,1.882104277610778809e-01,1.153773963451385498e-01,2.704958915710449219e-01,9.870706796646118164e-01,2.650313973426818848e-01,7.788177132606506348e-01
-7.118411064147949219e-01,9.576925635337829590e-01,2.014888525009155273e-01,4.880149662494659424e-01,-5.694849491119384766e-01,-8.223230838775634766e-01,2.107623219490051270e-02,8.243768811225891113e-01,3.936225473880767822e-01,8.922964334487915039e-03,9.756082296371459961e-01,5.163568258285522461e-01
-1.776016503572463989e-02,7.817402482032775879e-01,8.240270018577575684e-01,1.339389085769653320e-01,3.927111327648162842e-01,-3.489270806312561035e-01,7.833987474441528320e-03,1.193349361419677734e-01,4.291442930698394775e-01,9.195743799209594727e-01,6.375045180320739746e-01,1.858765482902526855e-01
-9.105919599533081055e-01,8.752743005752563477e-01,-8.257273584604263306e-02,4.305277764797210693e-01,-5.213204026222229004e-01,-8.394321799278259277e-01,2.233887314796447754e-01,8.475421667098999023e-01,7.047834992408752441e-01,3.270193934440612793e-02,9.645696878433227539e-01,9.162747859954833984e-01
9.522733837366104126e-02,7.183840274810791016e-01,8.383401632308959961e-01,9.669154286384582520e-01,6.562360525131225586e-01,4.436625242233276367e-01,8.020114898681640625e-02,2.356940507888793945e-02,2.322913706302642822e-01,9.458067417144775391e-01,5.234268903732299805e-01,1.508772075176239014e-01
-8.624578714370727539e-01,9.320653676986694336e-01,-1.317086964845657349e-01,4.036538004875183105e-01,-7.391616702079772949e-01,-8.395742774009704590e-01,3.825390338897705078e-02,7.705870866775512695e-01,8.047901391983032227e-01,4.544371366500854492e-02,9.762846231460571289e-01,7.063187360763549805e-01
5.012170672416687012e-01,6.274911165237426758e-01,9.040480256080627441e-01,7.874535322189331055e-01,3.262780308723449707e-01,4.078077077865600586e-01,1.473322510719299316e-01,4.075852036476135254e-02,4.874694347381591797e-01,9.931105375289916992e-01,6.974410414695739746e-01,1.533387303352355957e-01
-8.318816423416137695e-01,6.152520179748535156e-01,-1.646899133920669556e-01,3.791678845882415771e-01,-7.419781684875488281e-01,-8.627448678016662598e-01,1.041749417781829834e-01,9.573720693588256836e-01,5.513952374458312988e-01,3.863206505775451660e-02,8.607811927795410156e-01,8.271985054016113281e-01
-2.228167653083801270e-02,6.380444765090942383e-01,7.475137710571289062e-01,9.254565834999084473e-01,2.688367962837219238e-01,1.514973789453506470e-01,6.597605347633361816e-02,4.073446989059448242e-02,1.969079077243804932e-01,5.101585984230041504e-01,5.324435830116271973e-01,3.164446949958801270e-01
-8.263048529624938965e-01,8.684432506561279297e-01,-5.787997245788574219e-01,4.854768216609954834e-01,-8.220194578170776367e-01,-7.037189006805419922e-01,5.667322874069213867e-02,8.920685052871704102e-01,4.384915828704833984e-01,7.676798105239868164e-02,9.553036093711853027e-01,2.365482747554779053e-01
4.945971667766571045e-01,8.036743998527526855e-01,6.725209951400756836e-01,9.265214800834655762e-01,6.067266464233398438e-01,7.646888494491577148e-01,2.595993578433990479e-01,1.330676674842834473e-01,2.291821837425231934e-01,9.537192583084106445e-01,6.272644400596618652e-01,4.550948143005371094e-01
-8.847877979278564453e-01,8.313462734222412109e-01,-1.977553218603134155e-01,1.162915378808975220e-01,-7.777185440063476562e-01,-9.401103258132934570e-01,7.648959755897521973e-02,8.556571006774902344e-01,5.314823389053344727e-01,3.243038058280944824e-02,7.793204784393310547e-01,7.390211224555969238e-01
3.062599003314971924e-01,2.325826138257980347e-01,8.531682491302490234e-01,9.226989150047302246e-01,2.088363170623779297e-01,2.762317061424255371e-01,8.498197793960571289e-02,5.641490221023559570e-02,2.693778872489929199e-01,8.903394937515258789e-01,5.129960179328918457e-01,9.994104504585266113e-02
-8.577265143394470215e-01,9.306156635284423828e-01,-2.006753236055374146e-01,1.926450133323669434e-01,-4.913371503353118896e-01,-4.947794377803802490e-01,5.260947346687316895e-02,8.736933469772338867e-01,7.487791776657104492e-01,2.915450930595397949e-02,9.485011100769042969e-01,9.442445635795593262e-01
4.341148436069488525e-01,4.940635263919830322e-01,7.235403060913085938e-01,5.610619187355041504e-01,1.738510131835937500e-01,-1.263951212167739868e-01,8.511230349540710449e-02,5.130013823509216309e-02,3.101972937583923340e-01,9.821228981018066406e-01,4.663581550121307373e-01,2.390894889831542969e-01
-9.108945131301879883e-01,9.712785482406616211e-01,1.549058258533477783e-01,3.387350142002105713e-01,-6.772964596748352051e-01,-9.107339382171630859e-01,6.414237618446350098e-02,7.553030252456665039e-01,5.130341649055480957e-01,8.935540914535522461e-03,9.695641994476318359e-01,6.497496366500854492e-01
6.796014495193958282e-03,2.595639824867248535e-01,9.025262594223022461e-01,9.704310297966003418e-01,5.012431144714355469e-01,2.076894193887710571e-01,1.128734052181243896e-01,7.491752505302429199e-02,6.533457040786743164e-01,9.834092855453491211e-01,4.087220430374145508e-01,4.153540730476379395e-01
-7.651773095130920410e-01,8.880026936531066895e-01,-5.093816518783569336e-01,4.723171591758728027e-01,-5.925433635711669922e-01,-9.114149808883666992e-01,1.047136187553405762e-01,8.448753356933593750e-01,4.858736395835876465e-01,4.291188716888427734e-02,9.970785379409790039e-01,3.103307485580444336e-01
5.544645786285400391e-01,8.259335160255432129e-01,5.938229560852050781e-01,5.239470005035400391e-01,4.365476369857788086e-01,4.476542174816131592e-01,1.059769690036773682e-01,4.929721355438232422e-02,1.753827035427093506e-01,9.569902420043945312e-01,3.902670443058013916e-01,9.415438771247863770e-02
-4.163648188114166260e-01,9.586634635925292969e-01,2.430439889430999756e-01,2.364547699689865112e-01,-7.993660569190979004e-01,-6.769566535949707031e-01,4.750144481658935547e-02,7.703174948692321777e-01,9.178838729858398438e-01,6.069511175155639648e-03,9.499976634979248047e-01,2.260098755359649658e-01
-1.374944895505905151e-01,4.945618212223052979e-01,8.572709560394287109e-01,5.895873904228210449e-01,-2.539804875850677490e-01,-1.549879312515258789e-01,1.556430160999298096e-01,1.182360947132110596e-01,2.812559604644775391e-01,9.552121162414550781e-01,6.174554228782653809e-01,2.184411585330963135e-01
-9.306133389472961426e-01,9.239696860313415527e-01,-3.793563544750213623e-01,1.097649708390235901e-01,-6.492294073104858398e-01,-7.233047485351562500e-01,5.350208282470703125e-02,8.257149457931518555e-01,5.406490564346313477e-01,1.263847947120666504e-02,9.676508903503417969e-01,5.722761154174804688e-01
2.257895171642303467e-01,9.535334110260009766e-01,6.137388944625854492e-01,9.571603536605834961e-01,4.619535207748413086e-01,5.387574434280395508e-01,2.126658260822296143e-01,3.671708703041076660e-02,3.297888636589050293e-01,9.741300344467163086e-01,8.185977935791015625e-01,2.233448326587677002e-01
-9.032182693481445312e-01,8.021693825721740723e-01,-5.069303512573242188e-02,6.386641860008239746e-01,-8.087546229362487793e-01,-8.156190514564514160e-01,4.953065514564514160e-02,9.235213994979858398e-01,7.255094051361083984e-01,1.333293318748474121e-02,9.764029979705810547e-01,9.512617588043212891e-01
-2.113990038633346558e-01,7.622479200363159180e-01,7.681929469108581543e-01,9.261407852172851562e-01,6.911908984184265137e-01,4.458171129226684570e-01,2.990621328353881836e-02,6.482639908790588379e-02,5.113713145256042480e-01,9.881850481033325195e-01,7.544582486152648926e-01,1.741334199905395508e-01
-6.686798334121704102e-01,8.655636310577392578e-01,-3.125455230474472046e-02,6.853737235069274902e-01,-4.382259547710418701e-01,-9.487393498420715332e-01,2.328912913799285889e-01,9.074468612670898438e-01,8.855905532836914062e-01,2.636387944221496582e-02,9.728319644927978516e-01,5.897651314735412598e-01
4.221052229404449463e-01,3.305319249629974365e-01,5.905572772026062012e-01,9.789534211158752441e-01,5.017620921134948730e-01,2.020885199308395386e-01,3.152498602867126465e-02,1.568356156349182129e-01,3.597326278686523438e-01,9.571453332901000977e-01,5.978878736495971680e-01,6.700012683868408203e-01
-8.829043507575988770e-01,9.236758351325988770e-01,6.340124607086181641e-01,4.319617152214050293e-01,-6.280335187911987305e-01,-7.832785248756408691e-01,8.090496063232421875e-03,9.562348127365112305e-01,9.275857210159301758e-01,1.739948987960815430e-02,9.860674142837524414e-01,4.852938055992126465e-01
5.806047096848487854e-02,8.286098837852478027e-01,9.080678224563598633e-01,9.209807515144348145e-01,1.919145584106445312e-01,1.541177630424499512e-01,6.313669681549072266e-02,3.909143805503845215e-02,3.737068772315979004e-01,9.114223718643188477e-01,7.285841107368469238e-01,7.214375734329223633e-01
-8.637242913246154785e-01,9.280307888984680176e-01,4.967561960220336914e-01,5.115255713462829590e-01,-9.651898145675659180e-01,-8.823900818824768066e-01,5.217179656028747559e-02,8.447467684745788574e-01,6.921222209930419922e-01,2.785429358482360840e-02,9.924682378768920898e-01,5.061767697334289551e-01
3.826708197593688965e-01,5.936563014984130859e-01,9.514127969741821289e-01,9.031726121902465820e-01,4.238864481449127197e-01,2.264305949211120605e-01,8.487018942832946777e-02,1.069098711013793945e-02,1.241661310195922852e-01,9.318186044692993164e-01,3.345283269882202148e-01,5.868479013442993164e-01
-7.644899487495422363e-01,6.611851453781127930e-01,-6.944844871759414673e-02,5.775737762451171875e-01,-7.942127585411071777e-01,-8.803364634513854980e-01,8.079019188880920410e-02,6.823703050613403320e-01,6.188418865203857422e-01,3.142228722572326660e-02,9.188340306282043457e-01,7.295756340026855469e-01
-1.067464649677276611e-01,3.743040561676025391e-01,7.499611973762512207e-01,9.874404072761535645e-01,2.382778674364089966e-01,-7.920263707637786865e-02,6.904873251914978027e-02,2.396079897880554199e-02,2.119467258453369141e-01,9.281804561614990234e-01,3.861218690872192383e-01,2.862879633903503418e-01
-9.533410072326660156e-01,9.468517303466796875e-01,7.646939158439636230e-02,3.238208591938018799e-01,-5.692502856254577637e-01,-5.682360529899597168e-01,1.112391650676727295e-01,8.799299001693725586e-01,6.168126463890075684e-01,2.557807564735412598e-01,9.840077161788940430e-01,4.722414314746856689e-01
4.854800403118133545e-01,6.949748396873474121e-01,8.617923259735107422e-01,8.292422890663146973e-01,3.866029977798461914e-01,-4.441781714558601379e-02,2.053887546062469482e-01,5.525666475296020508e-02,1.236073076725006104e-01,9.405637979507446289e-01,6.011559963226318359e-01,1.583396196365356445e-01
-8.464022278785705566e-01,9.661845564842224121e-01,-1.005342882126569748e-02,4.007339775562286377e-01,-6.800411343574523926e-01,-6.310896873474121094e-01,4.991671442985534668e-02,8.523519039154052734e-01,8.833820819854736328e-01,3.293195366859436035e-02,9.146805405616760254e-01,4.533626735210418701e-01
2.666561305522918701e-01,4.354071617126464844e-01,9.331091642379760742e-01,7.550978064537048340e-01,2.125654965639114380e-01,2.752977609634399414e-01,2.245382070541381836e-01,2.275115251541137695e-02,2.996632158756256104e-01,9.807893037796020508e-01,4.879522025585174561e-01,1.432027816772460938e-01
-8.333177566528320312e-01,8.998178839683532715e-01,-1.924858987331390381e-01,1.403699517250061035e-01,-4.816227257251739502e-01,-6.459649205207824707e-01,1.595219969749450684e-02,7.820442914962768555e-01,6.514160633087158203e-01,1.180544495582580566e-02,9.914386868476867676e-01,7.005626559257507324e-01
5.169643759727478027e-01,5.482518076896667480e-01,6.616456508636474609e-01,8.982124328613281250e-01,6.400518417358398438e-01,2.736601829528808594e-01,1.646718382835388184e-02,1.122120022773742676e-02,5.826157331466674805e-01,9.418221116065979004e-01,6.516619920730590820e-01,2.370264232158660889e-01
-9.631339311599731445e-01,6.369200944900512695e-01,4.268787205219268799e-01,7.837781906127929688e-01,-7.387066483497619629e-01,-9.410982728004455566e-01,2.802113890647888184e-01,8.587029576301574707e-01,6.766275167465209961e-01,5.398482084274291992e-03,9.968068003654479980e-01,9.877828359603881836e-01
4.710513353347778320e-02,7.107127308845520020e-01,9.104836583137512207e-01,8.616853952407836914e-01,3.988450765609741211e-01,-1.908690780401229858e-01,8.484023809432983398e-02,7.170653343200683594e-02,4.738264679908752441e-01,9.838361144065856934e-01,4.443444013595581055e-01,3.028880357742309570e-01
-8.655301332473754883e-01,8.674005270004272461e-01,-1.858482807874679565e-01,3.487213253974914551e-01,-4.868000745773315430e-01,-4.598214328289031982e-01,1.540789008140563965e-01,8.327026367187500000e-01,7.213056683540344238e-01,3.669059276580810547e-02,9.937787055969238281e-01,5.652642250061035156e-01
3.108637928962707520e-01,4.586356580257415771e-01,8.571264147758483887e-01,8.684867620468139648e-01,2.390231639146804810e-01,7.410893589258193970e-02,3.615930676460266113e-02,3.873658180236816406e-02,1.381725370883941650e-01,9.241923689842224121e-01,6.219548583030700684e-01,3.553546071052551270e-01
-8.557780981063842773e-01,8.905474543571472168e-01,9.629939496517181396e-02,3.421765863895416260e-01,-5.647606253623962402e-01,-7.038429379463195801e-01,6.440958380699157715e-02,8.856399059295654297e-01,7.612891793251037598e-01,6.712788343429565430e-02,9.821515083312988281e-01,6.378008127212524414e-01
1.648024022579193115e-01,5.760996341705322266e-01,9.493799209594726562e-01,9.318956732749938965e-01,2.864727079868316650e-01,-2.490393072366714478e-01,3.221619129180908203e-02,6.641384959220886230e-02,4.801333546638488770e-01,8.479591608047485352e-01,5.923743844032287598e-01,3.091253042221069336e-01
-8.238973617553710938e-01,9.097834229469299316e-01,-5.424732342362403870e-02,6.234957575798034668e-01,-5.833894014358520508e-01,-8.692309856414794922e-01,5.230474472045898438e-02,7.181876897811889648e-01,5.815461277961730957e-01,3.793656826019287109e-03,9.898285865783691406e-01,9.104471206665039062e-01
-2.354308515787124634e-01,6.233136653900146484e-01,9.362594485282897949e-01,8.757103681564331055e-01,7.612218856811523438e-01,4.958067536354064941e-01,5.376446247100830078e-02,1.843614280223846436e-01,2.083580493927001953e-01,5.607080459594726562e-01,2.090350091457366943e-01,2.339554131031036377e-01
-8.409208655357360840e-01,9.206977486610412598e-01,-5.323399901390075684e-01,1.724660582840442657e-02,-7.759532332420349121e-01,-3.567334115505218506e-01,1.587162315845489502e-01,6.123638749122619629e-01,5.522194504737854004e-01,6.265938282012939453e-02,9.083402156829833984e-01,3.068083226680755615e-01
4.532478451728820801e-01,7.632251381874084473e-01,7.331246137619018555e-01,5.737988948822021484e-01,5.927811861038208008e-01,2.236222177743911743e-01,4.120284318923950195e-02,9.683564305305480957e-02,3.422231972217559814e-01,9.582509994506835938e-01,4.168636202812194824e-01,8.651220798492431641e-02
-8.668593168258666992e-01,9.092962145805358887e-01,1.729443818330764771e-01,3.030170798301696777e-01,-7.320227622985839844e-01,-7.883759737014770508e-01,2.863517403602600098e-02,7.855898141860961914e-01,9.389228820800781250e-01,1.410105824470520020e-02,8.535783290863037109e-01,5.444235801696777344e-01
3.798403739929199219e-01,8.904557228088378906e-01,8.707139492034912109e-01,7.380267381668090820e-01,-6.366221932694315910e-04,5.859719514846801758e-01,9.119310975074768066e-02,3.373605012893676758e-02,1.330057084560394287e-01,6.924231052398681641e-01,6.178227066993713379e-01,7.420188188552856445e-02
-8.399247527122497559e-01,8.946292996406555176e-01,1.277505606412887573e-02,1.509480923414230347e-01,-5.271441340446472168e-01,-9.068174958229064941e-01,1.953264474868774414e-01,8.899165391921997070e-01,6.928771138191223145e-01,2.869078516960144043e-02,9.496365785598754883e-01,8.202626705169677734e-01
3.985122144222259521e-01,6.684616804122924805e-01,7.287166118621826172e-01,7.763375043869018555e-01,5.093510150909423828e-01,3.450776338577270508e-01,1.251743435859680176e-01,9.357303380966186523e-03,4.717731177806854248e-01,9.796252250671386719e-01,6.512826681137084961e-01,3.052666187286376953e-01
-7.805423736572265625e-01,8.060059547424316406e-01,-7.150231301784515381e-02,3.455262780189514160e-01,-4.583684504032135010e-01,-8.376152515411376953e-01,6.513422727584838867e-02,9.113774895668029785e-01,6.143936514854431152e-01,1.018060147762298584e-01,9.857296347618103027e-01,8.703757524490356445e-01
-1.482582185417413712e-02,5.669513344764709473e-01,8.703404068946838379e-01,7.877756357192993164e-01,7.371979951858520508e-01,6.170477867126464844e-01,2.623146772384643555e-02,6.292864680290222168e-02,1.927151978015899658e-01,9.929333925247192383e-01,5.328211188316345215e-01,3.071838617324829102e-01
-9.850279092788696289e-01,7.746318578720092773e-01,-1.361573785543441772e-01,2.400808632373809814e-01,-7.274169921875000000e-01,-8.602331876754760742e-01,8.421599864959716797e-03,7.203283309936523438e-01,9.337118268013000488e-01,6.336113810539245605e-02,9.708806276321411133e-01,6.005280613899230957e-01
4.580707252025604248e-01,6.191798448562622070e-01,9.424977302551269531e-01,9.328548312187194824e-01,4.479525387287139893e-01,-4.350093007087707520e-02,4.299476742744445801e-02,5.584126710891723633e-02,2.273564040660858154e-01,9.757342934608459473e-01,7.835159897804260254e-01,2.952339649200439453e-01
-9.595054984092712402e-01,8.817584514617919922e-01,2.726517021656036377e-01,5.264904499053955078e-01,-8.026826977729797363e-01,-9.779734611511230469e-01,2.142024040222167969e-02,6.757221817970275879e-01,5.490394830703735352e-01,2.589184045791625977e-02,8.593205213546752930e-01,6.974049210548400879e-01
7.459536939859390259e-02,2.749358415603637695e-01,7.439864873886108398e-01,9.967664480209350586e-01,-2.388895750045776367e-01,9.697910398244857788e-02,5.806541442871093750e-02,6.039190292358398438e-02,1.351014673709869385e-01,9.873613119125366211e-01,6.505140662193298340e-01,7.921071648597717285e-01
-8.952893018722534180e-01,9.075226187705993652e-01,-8.123136311769485474e-02,4.293516278266906738e-01,-7.125027775764465332e-01,-6.766800284385681152e-01,3.530335426330566406e-02,7.311047315597534180e-01,3.129149377346038818e-01,5.194178223609924316e-02,9.730110168457031250e-01,3.859046697616577148e-01
1.898104101419448853e-01,7.752776741981506348e-01,9.036180377006530762e-01,7.354407310485839844e-01,7.921985387802124023e-01,3.451432883739471436e-01,4.335471987724304199e-02,6.842541694641113281e-02,1.859013736248016357e-01,9.506492018699645996e-01,6.778263449668884277e-01,3.280682563781738281e-01
-9.147909283638000488e-01,8.468930721282958984e-01,-1.056559309363365173e-01,6.192883849143981934e-01,-5.252842903137207031e-01,-9.582704901695251465e-01,5.143499374389648438e-02,7.749362587928771973e-01,8.466413021087646484e-01,8.814036846160888672e-03,9.772220849990844727e-01,7.572522163391113281e-01
1.155359745025634766e-01,5.074099898338317871e-01,9.520272612571716309e-01,9.735936522483825684e-01,5.016064643859863281e-01,-1.154229193925857544e-01,1.154547631740570068e-01,2.058476209640502930e-02,2.590698003768920898e-02,9.698992371559143066e-01,4.433115720748901367e-01,5.225350260734558105e-01
-8.621656298637390137e-01,9.590608477592468262e-01,2.994608879089355469e-01,1.716681756079196930e-02,-4.658311307430267334e-01,-6.640222072601318359e-01,2.722600102424621582e-02,8.767417669296264648e-01,7.900985479354858398e-01,9.463757276535034180e-03,9.734331369400024414e-01,9.113831520080566406e-01
1.451961696147918701e-01,3.853500187397003174e-01,7.920538187026977539e-01,9.620908498764038086e-01,2.198840230703353882e-01,2.192057669162750244e-01,6.540349125862121582e-02,4.956817626953125000e-02,1.747216880321502686e-01,9.821090698242187500e-01,5.985707044601440430e-01,2.451598346233367920e-01
-8.775170445442199707e-01,9.321772456169128418e-01,1.488388478755950928e-01,4.290738105773925781e-01,-5.043600797653198242e-01,-9.579166769981384277e-01,2.707743644714355469e-02,7.952979207038879395e-01,6.849209070205688477e-01,2.345186471939086914e-02,9.449996948242187500e-01,8.676214218139648438e-01
4.173092544078826904e-01,4.140365421772003174e-01,8.679209351539611816e-01,6.116220355033874512e-01,6.114633679389953613e-01,9.992042183876037598e-02,9.856468439102172852e-02,8.370676636695861816e-02,3.265433013439178467e-01,9.616075754165649414e-01,5.728443861007690430e-01,2.199922502040863037e-01
-8.418422341346740723e-01,7.809125185012817383e-01,-3.369257152080535889e-01,3.861744105815887451e-01,-7.552314996719360352e-01,-6.464579105377197266e-01,3.355565667152404785e-02,8.885759115219116211e-01,6.202537417411804199e-01,2.277493476867675781e-03,9.153434038162231445e-01,6.652125716209411621e-01
5.454478859901428223e-01,7.793529033660888672e-01,7.574941515922546387e-01,5.425252318382263184e-01,2.591674923896789551e-01,4.381719231605529785e-01,1.544618010520935059e-01,7.396778464317321777e-02,4.960154891014099121e-01,9.510242342948913574e-01,3.538106679916381836e-01,5.754033923149108887e-01
-6.361601352691650391e-01,7.170331478118896484e-01,2.370872348546981812e-01,3.345697820186614990e-01,-1.356992125511169434e-02,-2.836433053016662598e-01,1.916297674179077148e-01,9.052554368972778320e-01,3.689334392547607422e-01,2.785775065422058105e-02,7.949041128158569336e-01,3.357418775558471680e-01
2.333373278379440308e-01,4.869685173034667969e-01,5.681813359260559082e-01,8.220968842506408691e-01,3.988212347030639648e-02,1.201850548386573792e-01,6.934952735900878906e-02,4.739373922348022461e-02,2.215399146080017090e-01,9.643793702125549316e-01,1.339662671089172363e-01,4.098236560821533203e-01
-6.788697838783264160e-01,7.339980602264404297e-01,-2.004707008600234985e-01,2.750068008899688721e-01,-7.679123282432556152e-01,-5.794711709022521973e-01,1.491835713386535645e-02,9.602076411247253418e-01,5.451223850250244141e-01,2.298131585121154785e-02,9.926458597183227539e-01,6.389376521110534668e-01
2.260402292013168335e-01,7.414083480834960938e-01,8.415946364402770996e-01,8.926004171371459961e-01,-3.210629895329475403e-02,4.870533645153045654e-01,1.209813356399536133e-01,2.620100975036621094e-02,3.777331709861755371e-01,9.599537849426269531e-01,7.544089555740356445e-01,1.515663266181945801e-01
-8.203967809677124023e-01,8.528478741645812988e-01,-1.591174900531768799e-01,5.985675454139709473e-01,-6.932902336120605469e-01,-8.718501329421997070e-01,5.255082249641418457e-02,8.337020874023437500e-01,4.925776124000549316e-01,3.970772027969360352e-03,9.701553583145141602e-01,6.334561109542846680e-01
2.467333972454071045e-01,2.610847651958465576e-01,8.727490901947021484e-01,7.858107686042785645e-01,5.606849193572998047e-01,5.231989175081253052e-02,8.318486809730529785e-02,3.884890675544738770e-02,6.596240401268005371e-02,8.841445446014404297e-01,6.664552092552185059e-01,2.811910510063171387e-01
-9.231669902801513672e-01,8.774441480636596680e-01,2.221676409244537354e-01,3.818004131317138672e-01,-7.207579612731933594e-01,-9.405331611633300781e-01,5.817806720733642578e-02,8.003506660461425781e-01,8.325497508049011230e-01,2.419853210449218750e-02,9.884239435195922852e-01,7.765889167785644531e-01
4.296146631240844727e-01,7.255115509033203125e-01,7.081904411315917969e-01,7.702646255493164062e-01,2.151893079280853271e-01,3.516656458377838135e-01,1.710433065891265869e-01,5.195218324661254883e-02,1.848320364952087402e-01,9.547491669654846191e-01,7.406077384948730469e-01,3.125683069229125977e-01
-8.950882554054260254e-01,8.048853874206542969e-01,-2.192039191722869873e-01,1.563228815793991089e-01,-8.406544923782348633e-01,-8.839799761772155762e-01,5.168396234512329102e-02,9.507931470870971680e-01,7.303686738014221191e-01,8.915424346923828125e-03,9.653619527816772461e-01,8.980326652526855469e-01
7.077863812446594238e-02,7.152565121650695801e-01,7.599119544029235840e-01,9.482606053352355957e-01,4.328758716583251953e-01,2.497977763414382935e-01,1.343936622142791748e-01,8.126556873321533203e-02,2.567411065101623535e-01,9.694969654083251953e-01,7.290102839469909668e-01,6.199920177459716797e-01
-8.720636963844299316e-01,6.831733584403991699e-01,-7.450219988822937012e-02,1.182085499167442322e-01,-9.441298842430114746e-01,-8.961471319198608398e-01,4.709959030151367188e-02,6.764108538627624512e-01,5.540318489074707031e-01,7.327109575271606445e-03,9.880585670471191406e-01,7.467418909072875977e-01
3.566110730171203613e-01,6.729951500892639160e-01,9.280638098716735840e-01,9.299439191818237305e-01,5.013648271560668945e-01,3.431319296360015869e-01,2.163743674755096436e-01,1.293488442897796631e-01,2.759693264961242676e-01,9.423390626907348633e-01,6.670978069305419922e-01,4.589197039604187012e-01
-7.694790363311767578e-01,8.772563934326171875e-01,-8.481450378894805908e-02,6.522081047296524048e-02,-6.581724286079406738e-01,-8.265743851661682129e-01,1.106662154197692871e-01,7.998334169387817383e-01,5.960406661033630371e-01,1.287478208541870117e-02,9.871104955673217773e-01,9.070844054222106934e-01
3.633919656276702881e-01,1.390469819307327271e-01,7.791036367416381836e-01,7.347249984741210938e-01,5.948081612586975098e-01,2.601146101951599121e-01,1.397469937801361084e-01,2.216351032257080078e-02,5.711311101913452148e-01,9.569978117942810059e-01,6.746524572372436523e-01,5.126903653144836426e-01
-8.672934770584106445e-01,6.356543898582458496e-01,-4.733301699161529541e-01,5.084397792816162109e-01,-8.374486565589904785e-01,-9.262853264808654785e-01,7.692289352416992188e-02,8.778920173645019531e-01,8.065010309219360352e-01,6.750196218490600586e-03,9.887812137603759766e-01,6.374346017837524414e-01
2.433245629072189331e-01,6.699535846710205078e-01,9.115988612174987793e-01,9.241409301757812500e-01,2.661296129226684570e-01,-8.180990070104598999e-02,5.937069654464721680e-03,1.053261756896972656e-02,2.011533379554748535e-01,9.295750856399536133e-01,6.094604730606079102e-01,5.483483076095581055e-01
-9.460626244544982910e-01,7.850642800331115723e-01,3.924046754837036133e-01,3.873022794723510742e-01,-6.125859022140502930e-01,-8.055586814880371094e-01,4.884967207908630371e-02,8.575941324234008789e-01,6.062332391738891602e-01,3.830909729003906250e-03,8.302637338638305664e-01,7.426186800003051758e-01
4.877561032772064209e-01,-1.258299946784973145e-01,8.225257396697998047e-01,9.184705615043640137e-01,3.789294958114624023e-01,1.182454973459243774e-01,7.455021142959594727e-03,6.444081664085388184e-02,4.602546393871307373e-01,9.402844905853271484e-01,5.752373337745666504e-01,6.001406908035278320e-01
-9.716808795928955078e-01,8.543594479560852051e-01,4.310608506202697754e-01,6.637707352638244629e-01,-7.490922808647155762e-01,-4.570189118385314941e-01,4.421547055244445801e-02,7.612109184265136719e-01,7.807288169860839844e-01,2.909711003303527832e-02,9.758826494216918945e-01,6.334006190299987793e-01
-2.488341927528381348e-01,6.474444270133972168e-01,8.550165295600891113e-01,7.742311954498291016e-01,-6.330553907901048660e-03,-3.747789263725280762e-01,2.657166123390197754e-02,1.850952506065368652e-01,2.462495267391204834e-01,9.439308643341064453e-01,6.438993215560913086e-01,6.076065301895141602e-01
-8.696407675743103027e-01,9.803760051727294922e-01,1.704641282558441162e-01,5.153517127037048340e-01,-8.263657689094543457e-01,-8.896347880363464355e-01,3.548544645309448242e-02,6.677500009536743164e-01,5.168534517288208008e-01,9.962886571884155273e-03,9.918756484985351562e-01,1.817376017570495605e-01
1.484564989805221558e-01,7.881188988685607910e-01,8.159790039062500000e-01,8.570458889007568359e-01,6.820698976516723633e-01,4.851089119911193848e-01,1.229803562164306641e-01,2.239236235618591309e-02,3.329059183597564697e-01,9.862698912620544434e-01,4.801641404628753662e-01,4.582133293151855469e-01
-9.057683944702148438e-01,8.001684546470642090e-01,1.448928117752075195e-01,1.642673313617706299e-01,-6.985923647880554199e-01,-9.261282086372375488e-01,1.196226477622985840e-02,4.437067210674285889e-01,6.345523595809936523e-01,2.629351615905761719e-02,9.943541884422302246e-01,3.863576650619506836e-01
1.159106791019439697e-01,4.823246300220489502e-01,8.772977590560913086e-01,8.023075461387634277e-01,2.707754671573638916e-01,3.979985117912292480e-01,1.021865010261535645e-02,4.033687710762023926e-02,1.406844258308410645e-01,9.615920782089233398e-01,9.277551174163818359e-01,9.198954701423645020e-01
